Signature	n_samples	Median_mutations	Mean_mutations
1	56	12.5	13.3392857142857
2	72	13	13.7916666666667
3	60	6.5	7.7
